expected_return,var_95_loss,es_95_loss
0.14609437859219407,0.05651135712243349,0.10294219077696636
