observations,breaches,breach_rate,p_value,result
2779,146,0.0525368837711407,0.5426539537702999,PASS
